{"cameraMode":{"drawMode":0,"name":"Shaded","section":"Shading Mode"},"sceneLighting":false,"audioPlay":false,"sceneViewState":{"showFog":false,"showMaterialUpdate":false,"showSkybox":false,"showFlares":false,"showImageEffects":false,"showParticleSystems":false},"in2DMode":false,"pivot":{"x":-34.22203063964844,"y":16.34000015258789,"z":-386.0520324707031},"rotation":{"x":0.41776415705680849,"y":0.32848381996154787,"z":-0.1651771068572998,"w":0.8308568000793457},"size":7.655409336090088,"orthographic":true}