{"cameraMode":{"drawMode":0,"name":"Shaded","section":"Shading Mode"},"sceneLighting":false,"audioPlay":false,"sceneViewState":{"showFog":false,"showMaterialUpdate":false,"showSkybox":false,"showFlares":false,"showImageEffects":false,"showParticleSystems":false},"in2DMode":false,"pivot":{"x":-34.22203063964844,"y":16.34000015258789,"z":-386.0520324707031},"rotation":{"x":0.0016923879738897086,"y":0.9789398312568665,"z":-0.20405232906341554,"w":0.008226089179515839},"size":7.038764953613281,"orthographic":true}